experiment,fold,epoch,step,metric,value
E0 CLS,1,1.0,130,train_loss,0.714
E0 CLS,1,1.0,130,eval_loss,0.6893379092216492
E0 CLS,1,2.0,260,train_loss,0.6955
E0 CLS,1,2.0,260,eval_loss,0.6885759830474854
E0 CLS,1,3.0,390,train_loss,0.6785
E0 CLS,1,3.0,390,eval_loss,0.6622022390365601
E0 CLS,1,4.0,520,train_loss,0.6571
E0 CLS,1,4.0,520,eval_loss,0.6422502398490906
E0 CLS,1,5.0,650,train_loss,0.6303
E0 CLS,1,5.0,650,eval_loss,0.6388145685195923
E0 CLS,1,6.0,780,train_loss,0.6088
E0 CLS,1,6.0,780,eval_loss,0.5921968817710876
E0 CLS,1,7.0,910,train_loss,0.5858
E0 CLS,1,7.0,910,eval_loss,0.5861363410949707
E0 CLS,1,8.0,1040,train_loss,0.567
E0 CLS,1,8.0,1040,eval_loss,0.561103105545044
E0 CLS,1,9.0,1170,train_loss,0.5496
E0 CLS,1,9.0,1170,eval_loss,0.5576021671295166
E0 CLS,1,10.0,1300,train_loss,0.5361
E0 CLS,1,10.0,1300,eval_loss,0.5560523867607117
E0 CLS,1,11.0,1430,train_loss,0.5264
E0 CLS,1,11.0,1430,eval_loss,0.5438144207000732
E0 CLS,1,12.0,1560,train_loss,0.5147
E0 CLS,1,12.0,1560,eval_loss,0.5382357239723206
E0 CLS,1,13.0,1690,train_loss,0.5081
E0 CLS,1,13.0,1690,eval_loss,0.5341439247131348
E0 CLS,1,14.0,1820,train_loss,0.4959
E0 CLS,1,14.0,1820,eval_loss,0.5466142892837524
E0 CLS,1,15.0,1950,train_loss,0.4909
E0 CLS,1,15.0,1950,eval_loss,0.5376585125923157
E0 CLS,1,16.0,2080,train_loss,0.4845
E0 CLS,1,16.0,2080,eval_loss,0.5377260446548462
E0 CLS,1,17.0,2210,train_loss,0.4778
E0 CLS,1,17.0,2210,eval_loss,0.5314167141914368
E0 CLS,1,18.0,2340,train_loss,0.4706
E0 CLS,1,18.0,2340,eval_loss,0.5435548424720764
E0 CLS,1,19.0,2470,train_loss,0.4633
E0 CLS,1,19.0,2470,eval_loss,0.545423686504364
E0 CLS,1,20.0,2600,train_loss,0.4538
E0 CLS,1,20.0,2600,eval_loss,0.5483932495117188
E0 CLS,1,21.0,2730,train_loss,0.4488
E0 CLS,1,21.0,2730,eval_loss,0.5497696399688721
E0 CLS,1,22.0,2860,train_loss,0.4415
E0 CLS,1,22.0,2860,eval_loss,0.5583165884017944
E0 CLS,1,23.0,2990,train_loss,0.4374
E0 CLS,1,23.0,2990,eval_loss,0.559711754322052
E0 CLS,2,1.0,133,train_loss,0.7152
E0 CLS,2,1.0,133,eval_loss,0.6936129927635193
E0 CLS,2,2.0,266,train_loss,0.6944
E0 CLS,2,2.0,266,eval_loss,0.695428192615509
E0 CLS,2,3.0,399,train_loss,0.678
E0 CLS,2,3.0,399,eval_loss,0.6985448598861694
E0 CLS,2,4.0,532,train_loss,0.6558
E0 CLS,2,4.0,532,eval_loss,0.6856750249862671
E0 CLS,2,5.0,665,train_loss,0.6304
E0 CLS,2,5.0,665,eval_loss,0.6502782106399536
E0 CLS,2,6.0,798,train_loss,0.5998
E0 CLS,2,6.0,798,eval_loss,0.6173115372657776
E0 CLS,2,7.0,931,train_loss,0.5714
E0 CLS,2,7.0,931,eval_loss,0.5637481212615967
E0 CLS,2,8.0,1064,train_loss,0.5521
E0 CLS,2,8.0,1064,eval_loss,0.551221489906311
E0 CLS,2,9.0,1197,train_loss,0.5356
E0 CLS,2,9.0,1197,eval_loss,0.5471018552780151
E0 CLS,2,10.0,1330,train_loss,0.5256
E0 CLS,2,10.0,1330,eval_loss,0.5514054298400879
E0 CLS,2,11.0,1463,train_loss,0.5106
E0 CLS,2,11.0,1463,eval_loss,0.5435940027236938
E0 CLS,2,12.0,1596,train_loss,0.5026
E0 CLS,2,12.0,1596,eval_loss,0.5284019112586975
E0 CLS,2,13.0,1729,train_loss,0.497
E0 CLS,2,13.0,1729,eval_loss,0.5499165654182434
E0 CLS,2,14.0,1862,train_loss,0.4864
E0 CLS,2,14.0,1862,eval_loss,0.5428919196128845
E0 CLS,2,15.0,1995,train_loss,0.4795
E0 CLS,2,15.0,1995,eval_loss,0.5477232933044434
E0 CLS,2,16.0,2128,train_loss,0.4698
E0 CLS,2,16.0,2128,eval_loss,0.5364160537719727
E0 CLS,2,17.0,2261,train_loss,0.4632
E0 CLS,2,17.0,2261,eval_loss,0.5657491087913513
E0 CLS,2,18.0,2394,train_loss,0.4523
E0 CLS,2,18.0,2394,eval_loss,0.5466020703315735
E0 CLS,2,19.0,2527,train_loss,0.4444
E0 CLS,2,19.0,2527,eval_loss,0.5588196516036987
E0 CLS,2,20.0,2660,train_loss,0.4369
E0 CLS,2,20.0,2660,eval_loss,0.588271975517273
E0 CLS,3,1.0,130,train_loss,0.7244
E0 CLS,3,1.0,130,eval_loss,0.6867879629135132
E0 CLS,3,2.0,260,train_loss,0.6958
E0 CLS,3,2.0,260,eval_loss,0.6798677444458008
E0 CLS,3,3.0,390,train_loss,0.6806
E0 CLS,3,3.0,390,eval_loss,0.6812789440155029
E0 CLS,3,4.0,520,train_loss,0.6638
E0 CLS,3,4.0,520,eval_loss,0.6658430099487305
E0 CLS,3,5.0,650,train_loss,0.6384
E0 CLS,3,5.0,650,eval_loss,0.6228541135787964
E0 CLS,3,6.0,780,train_loss,0.6127
E0 CLS,3,6.0,780,eval_loss,0.603205144405365
E0 CLS,3,7.0,910,train_loss,0.5941
E0 CLS,3,7.0,910,eval_loss,0.5831059217453003
E0 CLS,3,8.0,1040,train_loss,0.5746
E0 CLS,3,8.0,1040,eval_loss,0.5673636198043823
E0 CLS,3,9.0,1170,train_loss,0.5571
E0 CLS,3,9.0,1170,eval_loss,0.5682175755500793
E0 CLS,3,10.0,1300,train_loss,0.5458
E0 CLS,3,10.0,1300,eval_loss,0.5638917684555054
E0 CLS,3,11.0,1430,train_loss,0.5351
E0 CLS,3,11.0,1430,eval_loss,0.5419748425483704
E0 CLS,3,12.0,1560,train_loss,0.5245
E0 CLS,3,12.0,1560,eval_loss,0.5445321798324585
E0 CLS,3,13.0,1690,train_loss,0.5157
E0 CLS,3,13.0,1690,eval_loss,0.5394273400306702
E0 CLS,3,14.0,1820,train_loss,0.5032
E0 CLS,3,14.0,1820,eval_loss,0.568159818649292
E0 CLS,3,15.0,1950,train_loss,0.4973
E0 CLS,3,15.0,1950,eval_loss,0.5399338006973267
E0 CLS,3,16.0,2080,train_loss,0.4893
E0 CLS,3,16.0,2080,eval_loss,0.5437131524085999
E0 CLS,3,17.0,2210,train_loss,0.4769
E0 CLS,3,17.0,2210,eval_loss,0.5575994849205017
E0 CLS,3,18.0,2340,train_loss,0.4718
E0 CLS,3,18.0,2340,eval_loss,0.5634002089500427
E0 CLS,3,19.0,2470,train_loss,0.4652
E0 CLS,3,19.0,2470,eval_loss,0.574684739112854
E0 CLS,3,20.0,2600,train_loss,0.4556
E0 CLS,3,20.0,2600,eval_loss,0.5645593404769897
E0 CLS,3,21.0,2730,train_loss,0.4455
E0 CLS,3,21.0,2730,eval_loss,0.5772713422775269
E0 CLS,4,1.0,134,train_loss,0.7384
E0 CLS,4,1.0,134,eval_loss,0.6888237595558167
E0 CLS,4,2.0,268,train_loss,0.695
E0 CLS,4,2.0,268,eval_loss,0.691332995891571
E0 CLS,4,3.0,402,train_loss,0.6775
E0 CLS,4,3.0,402,eval_loss,0.7002975940704346
E0 CLS,4,4.0,536,train_loss,0.6634
E0 CLS,4,4.0,536,eval_loss,0.6569648385047913
E0 CLS,4,5.0,670,train_loss,0.6382
E0 CLS,4,5.0,670,eval_loss,0.6141917109489441
E0 CLS,4,6.0,804,train_loss,0.6157
E0 CLS,4,6.0,804,eval_loss,0.5963376760482788
E0 CLS,4,7.0,938,train_loss,0.5984
E0 CLS,4,7.0,938,eval_loss,0.5832386612892151
E0 CLS,4,8.0,1072,train_loss,0.583
E0 CLS,4,8.0,1072,eval_loss,0.5598345994949341
E0 CLS,4,9.0,1206,train_loss,0.568
E0 CLS,4,9.0,1206,eval_loss,0.5613023638725281
E0 CLS,4,10.0,1340,train_loss,0.5508
E0 CLS,4,10.0,1340,eval_loss,0.5408483743667603
E0 CLS,4,11.0,1474,train_loss,0.5366
E0 CLS,4,11.0,1474,eval_loss,0.5479369759559631
E0 CLS,4,12.0,1608,train_loss,0.5259
E0 CLS,4,12.0,1608,eval_loss,0.5438302755355835
E0 CLS,4,13.0,1742,train_loss,0.5131
E0 CLS,4,13.0,1742,eval_loss,0.532749354839325
E0 CLS,4,14.0,1876,train_loss,0.505
E0 CLS,4,14.0,1876,eval_loss,0.5228332281112671
E0 CLS,4,15.0,2010,train_loss,0.4966
E0 CLS,4,15.0,2010,eval_loss,0.5390874147415161
E0 CLS,4,16.0,2144,train_loss,0.4866
E0 CLS,4,16.0,2144,eval_loss,0.5361477136611938
E0 CLS,4,17.0,2278,train_loss,0.4803
E0 CLS,4,17.0,2278,eval_loss,0.5632325410842896
E0 CLS,4,18.0,2412,train_loss,0.4676
E0 CLS,4,18.0,2412,eval_loss,0.5415036082267761
E0 CLS,4,19.0,2546,train_loss,0.4618
E0 CLS,4,19.0,2546,eval_loss,0.5426006317138672
E0 CLS,4,20.0,2680,train_loss,0.4523
E0 CLS,4,20.0,2680,eval_loss,0.5575087666511536
E0 CLS,4,21.0,2814,train_loss,0.4439
E0 CLS,4,21.0,2814,eval_loss,0.5689406394958496
E0 CLS,4,22.0,2948,train_loss,0.4401
E0 CLS,4,22.0,2948,eval_loss,0.5674167275428772
E0 CLS,5,1.0,131,train_loss,0.7127
E0 CLS,5,1.0,131,eval_loss,0.6998960375785828
E0 CLS,5,2.0,262,train_loss,0.6922
E0 CLS,5,2.0,262,eval_loss,0.7100132703781128
E0 CLS,5,3.0,393,train_loss,0.6775
E0 CLS,5,3.0,393,eval_loss,0.677983283996582
E0 CLS,5,4.0,524,train_loss,0.6555
E0 CLS,5,4.0,524,eval_loss,0.6547739505767822
E0 CLS,5,5.0,655,train_loss,0.6288
E0 CLS,5,5.0,655,eval_loss,0.6455383896827698
E0 CLS,5,6.0,786,train_loss,0.6031
E0 CLS,5,6.0,786,eval_loss,0.6213560700416565
E0 CLS,5,7.0,917,train_loss,0.5828
E0 CLS,5,7.0,917,eval_loss,0.6042839288711548
E0 CLS,5,8.0,1048,train_loss,0.5598
E0 CLS,5,8.0,1048,eval_loss,0.5905855298042297
E0 CLS,5,9.0,1179,train_loss,0.5457
E0 CLS,5,9.0,1179,eval_loss,0.5717425346374512
E0 CLS,5,10.0,1310,train_loss,0.5327
E0 CLS,5,10.0,1310,eval_loss,0.5687990784645081
E0 CLS,5,11.0,1441,train_loss,0.5207
E0 CLS,5,11.0,1441,eval_loss,0.560395359992981
E0 CLS,5,12.0,1572,train_loss,0.512
E0 CLS,5,12.0,1572,eval_loss,0.5695953369140625
E0 CLS,5,13.0,1703,train_loss,0.506
E0 CLS,5,13.0,1703,eval_loss,0.5649684071540833
E0 CLS,5,14.0,1834,train_loss,0.4961
E0 CLS,5,14.0,1834,eval_loss,0.5689342617988586
E0 CLS,5,15.0,1965,train_loss,0.4888
E0 CLS,5,15.0,1965,eval_loss,0.5546423196792603
E0 CLS,5,16.0,2096,train_loss,0.4802
E0 CLS,5,16.0,2096,eval_loss,0.5729842185974121
E0 CLS,5,17.0,2227,train_loss,0.4737
E0 CLS,5,17.0,2227,eval_loss,0.5728139877319336
E0 CLS,5,18.0,2358,train_loss,0.4639
E0 CLS,5,18.0,2358,eval_loss,0.5892820358276367
E0 CLS,5,19.0,2489,train_loss,0.4545
E0 CLS,5,19.0,2489,eval_loss,0.5897656083106995
E0 CLS,5,20.0,2620,train_loss,0.4487
E0 CLS,5,20.0,2620,eval_loss,0.5989025235176086
E0 CLS,5,21.0,2751,train_loss,0.4417
E0 CLS,5,21.0,2751,eval_loss,0.5922549962997437
E0 CLS,5,22.0,2882,train_loss,0.4349
E0 CLS,5,22.0,2882,eval_loss,0.5958182215690613
E0 CLS,5,23.0,3013,train_loss,0.4283
E0 CLS,5,23.0,3013,eval_loss,0.6088478565216064
